<?xml version='1.0' encoding='UTF-8'?>
<faces-config version="2.2"
              xmlns="http://xmlns.jcp.org/xml/ns/javaee"
              xmlns:xsi="http://www.w3.org/2001/XMLSchema-instance"
              xsi:schemaLocation="http://xmlns.jcp.org/xml/ns/javaee http://xmlns.jcp.org/xml/ns/javaee/web-facesconfig_2_2.xsd">
    <navigation-rule>
        <from-view-id>/create.xhtml</from-view-id>
        <navigation-case>
            <from-outcome>create</from-outcome>
            <to-view-id>/view.xhtml</to-view-id>
            <redirect/>
        </navigation-case>
        <navigation-case>
            <from-outcome>cancel</from-outcome>
            <to-view-id>/view.xhtml</to-view-id>
            <redirect/>
        </navigation-case>
    </navigation-rule>
    <navigation-rule>
        <from-view-id>/view.xhtml</from-view-id>
        <navigation-case>
            <from-outcome>edit</from-outcome>
            <to-view-id>/edit.xhtml</to-view-id>
            <redirect/>
        </navigation-case>
        <navigation-case>
            <from-outcome>remove</from-outcome>
            <to-view-id>/remove.xhtml</to-view-id>
            <redirect/>
        </navigation-case>
    </navigation-rule>
    <navigation-rule>
        <from-view-id>/edit.xhtml</from-view-id>
        <navigation-case>
            <from-outcome>save</from-outcome>
            <to-view-id>/view.xhtml</to-view-id>
            <redirect/>
        </navigation-case>
        <navigation-case>
            <from-outcome>cancel</from-outcome>
            <to-view-id>/view.xhtml</to-view-id>
            <redirect/>
        </navigation-case>
    </navigation-rule>
    <navigation-rule>
        <from-view-id>/remove.xhtml</from-view-id>
        <navigation-case>
            <from-outcome>cancel</from-outcome>
            <to-view-id>/view.xhtml</to-view-id>
            <redirect/>
        </navigation-case>
        <navigation-case>
            <from-outcome>confirm</from-outcome>
            <to-view-id>/view.xhtml</to-view-id>
            <redirect/>
        </navigation-case>
    </navigation-rule>
    <navigation-rule>
        <from-view-id>/login.xhtml</from-view-id>
        <navigation-case>
            <from-outcome>register</from-outcome>
            <to-view-id>/register.xhtml</to-view-id>
            <redirect/>
        </navigation-case>
    </navigation-rule>
</faces-config>
