<?xml version="1.0" encoding="UTF-8"?>
<project-private xmlns="http://www.netbeans.org/ns/project-private/1">
    <editor-bookmarks xmlns="http://www.netbeans.org/ns/editor-bookmarks/2" lastBookmarkId="0"/>
    <open-files xmlns="http://www.netbeans.org/ns/projectui-open-files/2">
        <group>
            <file>file:/C:/Users/Alex/Documents/NetBeansProjects/DetentionTrackerAIP/web/edit.xhtml</file>
            <file>file:/C:/Users/Alex/Documents/NetBeansProjects/DetentionTrackerAIP/src/java/au/edu/uts/aip/detentiontracker/DetentionController.java</file>
            <file>file:/C:/Users/Alex/Documents/NetBeansProjects/DetentionTrackerAIP/src/java/au/edu/uts/aip/detentiontracker/DetentionListDatabase.java</file>
            <file>file:/C:/Users/Alex/Documents/NetBeansProjects/DetentionTrackerAIP/web/view.xhtml</file>
            <file>file:/C:/Users/Alex/Documents/NetBeansProjects/DetentionTrackerAIP/web/create.xhtml</file>
            <file>file:/C:/Users/Alex/Documents/NetBeansProjects/DetentionTrackerAIP/src/java/au/edu/uts/aip/detentiontracker/DetentionListController.java</file>
        </group>
    </open-files>
</project-private>
